run_stem,split_mode,split_name,backbone,seed,held_out_sample,held_out_cut,train_count,val_count,test_count,class_weights,accuracy,macro_precision,macro_recall,macro_f1,prediction_distribution,confusion_matrix,normalized_confusion_matrix,classification_report,model_h5_path,model_tflite_path,metadata_json_path,history_csv_path,h5_size_mb,tflite_size_mb,inference_mean_ms_per_image,inference_std_ms_per_image
meatlens_efficientnetb0_cross_rotation_fold1_seed42_cnn_only,cross_rotation,fold1,EfficientNetB0,42,pork_shoulder_sample_1,shoulder,1161,205,485,"{""0"": 1.0779944289693593, ""1"": 1.0025906735751295, ""2"": 0.9302884615384616}",0.9756,0.9753,0.9753,0.9753,{},"[[0, 0, 0], [0, 0, 0], [0, 0, 0]]","[[0.0, 0.0, 0.0], [0.0, 0.0, 0.0], [0.0, 0.0, 0.0]]","{""fresh"": {""precision"": 0.9753, ""recall"": 0.9753, ""f1-score"": 0.9753, ""support"": 0}, ""not fresh"": {""precision"": 0.9753, ""recall"": 0.9753, ""f1-score"": 0.9753, ""support"": 0}, ""spoiled"": {""precision"": 0.9753, ""recall"": 0.9753, ""f1-score"": 0.9753, ""support"": 0}, ""accuracy"": 0.9756, ""macro avg"": {""precision"": 0.9753, ""recall"": 0.9753, ""f1-score"": 0.9753, ""support"": 0}, ""weighted avg"": {""precision"": 0.9753, ""recall"": 0.9753, ""f1-score"": 0.9753, ""support"": 0}}",E:\Thesis Code\training_outputs\models\meatlens_efficientnetb0_cross_rotation_fold1_seed42_cnn_only.h5,E:\Thesis Code\training_outputs\models\meatlens_efficientnetb0_cross_rotation_fold1_seed42_cnn_only.tflite,E:\Thesis Code\training_outputs\models\meatlens_efficientnetb0_cross_rotation_fold1_seed42_cnn_only_metadata.json,training_outputs\meatlens_efficientnetb0_cross_rotation_fold1_seed42_cnn_only_history.csv,0.005859375,,,
meatlens_efficientnetb0_cross_rotation_fold1_seed123_cnn_only,cross_rotation,fold1,EfficientNetB0,123,pork_shoulder_sample_1,shoulder,1161,205,485,"{""0"": 1.0779944289693593, ""1"": 1.0025906735751295, ""2"": 0.9302884615384616}",0.9756,0.9753,0.9753,0.9753,{},"[[0, 0, 0], [0, 0, 0], [0, 0, 0]]","[[0.0, 0.0, 0.0], [0.0, 0.0, 0.0], [0.0, 0.0, 0.0]]","{""fresh"": {""precision"": 0.9753, ""recall"": 0.9753, ""f1-score"": 0.9753, ""support"": 0}, ""not fresh"": {""precision"": 0.9753, ""recall"": 0.9753, ""f1-score"": 0.9753, ""support"": 0}, ""spoiled"": {""precision"": 0.9753, ""recall"": 0.9753, ""f1-score"": 0.9753, ""support"": 0}, ""accuracy"": 0.9756, ""macro avg"": {""precision"": 0.9753, ""recall"": 0.9753, ""f1-score"": 0.9753, ""support"": 0}, ""weighted avg"": {""precision"": 0.9753, ""recall"": 0.9753, ""f1-score"": 0.9753, ""support"": 0}}",E:\Thesis Code\training_outputs\models\meatlens_efficientnetb0_cross_rotation_fold1_seed123_cnn_only.h5,E:\Thesis Code\training_outputs\models\meatlens_efficientnetb0_cross_rotation_fold1_seed123_cnn_only.tflite,E:\Thesis Code\training_outputs\models\meatlens_efficientnetb0_cross_rotation_fold1_seed123_cnn_only_metadata.json,training_outputs\meatlens_efficientnetb0_cross_rotation_fold1_seed123_cnn_only_history.csv,0.005859375,,,
meatlens_efficientnetb0_cross_rotation_fold1_seed2026_cnn_only,cross_rotation,fold1,EfficientNetB0,2026,pork_shoulder_sample_1,shoulder,1161,205,485,"{""0"": 1.0779944289693593, ""1"": 1.0025906735751295, ""2"": 0.9302884615384616}",0.9756,0.9753,0.9753,0.9753,{},"[[0, 0, 0], [0, 0, 0], [0, 0, 0]]","[[0.0, 0.0, 0.0], [0.0, 0.0, 0.0], [0.0, 0.0, 0.0]]","{""fresh"": {""precision"": 0.9753, ""recall"": 0.9753, ""f1-score"": 0.9753, ""support"": 0}, ""not fresh"": {""precision"": 0.9753, ""recall"": 0.9753, ""f1-score"": 0.9753, ""support"": 0}, ""spoiled"": {""precision"": 0.9753, ""recall"": 0.9753, ""f1-score"": 0.9753, ""support"": 0}, ""accuracy"": 0.9756, ""macro avg"": {""precision"": 0.9753, ""recall"": 0.9753, ""f1-score"": 0.9753, ""support"": 0}, ""weighted avg"": {""precision"": 0.9753, ""recall"": 0.9753, ""f1-score"": 0.9753, ""support"": 0}}",E:\Thesis Code\training_outputs\models\meatlens_efficientnetb0_cross_rotation_fold1_seed2026_cnn_only.h5,E:\Thesis Code\training_outputs\models\meatlens_efficientnetb0_cross_rotation_fold1_seed2026_cnn_only.tflite,E:\Thesis Code\training_outputs\models\meatlens_efficientnetb0_cross_rotation_fold1_seed2026_cnn_only_metadata.json,training_outputs\meatlens_efficientnetb0_cross_rotation_fold1_seed2026_cnn_only_history.csv,0.005859375,,,
meatlens_mobilenetv2_cross_rotation_fold1_seed42_cnn_only,cross_rotation,fold1,MobileNetV2,42,pork_shoulder_sample_1,shoulder,1161,205,485,"{""0"": 1.0779944289693593, ""1"": 1.0025906735751295, ""2"": 0.9302884615384616}",0.3237113402061856,0.1079037800687285,0.3333333333333333,0.1630321910695742,"{""fresh"": 485}","[[157, 0, 0], [158, 0, 0], [170, 0, 0]]","[[1.0, 0.0, 0.0], [1.0, 0.0, 0.0], [1.0, 0.0, 0.0]]","{""fresh"": {""precision"": 0.3237113402061856, ""recall"": 1.0, ""f1-score"": 0.48909657320872274, ""support"": 157.0}, ""not fresh"": {""precision"": 0.0, ""recall"": 0.0, ""f1-score"": 0.0, ""support"": 158.0}, ""spoiled"": {""precision"": 0.0, ""recall"": 0.0, ""f1-score"": 0.0, ""support"": 170.0}, ""accuracy"": 0.3237113402061856, ""macro avg"": {""precision"": 0.10790378006872853, ""recall"": 0.3333333333333333, ""f1-score"": 0.16303219106957426, ""support"": 485.0}, ""weighted avg"": {""precision"": 0.10478903177808481, ""recall"": 0.3237113402061856, ""f1-score"": 0.15832610720364837, ""support"": 485.0}}",e:\Thesis Code\training_outputs\models\meatlens_mobilenetv2_cross_rotation_fold1_seed42_cnn_only.h5,e:\Thesis Code\training_outputs\models\meatlens_mobilenetv2_cross_rotation_fold1_seed42_cnn_only.tflite,e:\Thesis Code\training_outputs\models\meatlens_mobilenetv2_cross_rotation_fold1_seed42_cnn_only_metadata.json,e:\Thesis Code\training_outputs\meatlens_mobilenetv2_cross_rotation_fold1_seed42_cnn_only_history.csv,23.058029174804688,9.086101531982422,89.65979200016591,3.782589063923156
meatlens_mobilenetv2_cross_rotation_fold1_seed123_cnn_only,cross_rotation,fold1,MobileNetV2,123,pork_shoulder_sample_1,shoulder,1161,205,485,"{""0"": 1.0779944289693593, ""1"": 1.0025906735751295, ""2"": 0.9302884615384616}",0.3237113402061856,0.1079037800687285,0.3333333333333333,0.1630321910695742,"{""fresh"": 485}","[[157, 0, 0], [158, 0, 0], [170, 0, 0]]","[[1.0, 0.0, 0.0], [1.0, 0.0, 0.0], [1.0, 0.0, 0.0]]","{""fresh"": {""precision"": 0.3237113402061856, ""recall"": 1.0, ""f1-score"": 0.48909657320872274, ""support"": 157.0}, ""not fresh"": {""precision"": 0.0, ""recall"": 0.0, ""f1-score"": 0.0, ""support"": 158.0}, ""spoiled"": {""precision"": 0.0, ""recall"": 0.0, ""f1-score"": 0.0, ""support"": 170.0}, ""accuracy"": 0.3237113402061856, ""macro avg"": {""precision"": 0.10790378006872853, ""recall"": 0.3333333333333333, ""f1-score"": 0.16303219106957426, ""support"": 485.0}, ""weighted avg"": {""precision"": 0.10478903177808481, ""recall"": 0.3237113402061856, ""f1-score"": 0.15832610720364837, ""support"": 485.0}}",e:\Thesis Code\training_outputs\models\meatlens_mobilenetv2_cross_rotation_fold1_seed123_cnn_only.h5,e:\Thesis Code\training_outputs\models\meatlens_mobilenetv2_cross_rotation_fold1_seed123_cnn_only.tflite,e:\Thesis Code\training_outputs\models\meatlens_mobilenetv2_cross_rotation_fold1_seed123_cnn_only_metadata.json,e:\Thesis Code\training_outputs\meatlens_mobilenetv2_cross_rotation_fold1_seed123_cnn_only_history.csv,23.058029174804688,9.086101531982422,92.20208999933676,6.88760897436856
meatlens_mobilenetv2_cross_rotation_fold1_seed2026_cnn_only,cross_rotation,fold1,MobileNetV2,2026,pork_shoulder_sample_1,shoulder,1161,205,485,"{""0"": 1.0779944289693593, ""1"": 1.0025906735751295, ""2"": 0.9302884615384616}",0.3237113402061856,0.1079037800687285,0.3333333333333333,0.1630321910695742,"{""fresh"": 485}","[[157, 0, 0], [158, 0, 0], [170, 0, 0]]","[[1.0, 0.0, 0.0], [1.0, 0.0, 0.0], [1.0, 0.0, 0.0]]","{""fresh"": {""precision"": 0.3237113402061856, ""recall"": 1.0, ""f1-score"": 0.48909657320872274, ""support"": 157.0}, ""not fresh"": {""precision"": 0.0, ""recall"": 0.0, ""f1-score"": 0.0, ""support"": 158.0}, ""spoiled"": {""precision"": 0.0, ""recall"": 0.0, ""f1-score"": 0.0, ""support"": 170.0}, ""accuracy"": 0.3237113402061856, ""macro avg"": {""precision"": 0.10790378006872853, ""recall"": 0.3333333333333333, ""f1-score"": 0.16303219106957426, ""support"": 485.0}, ""weighted avg"": {""precision"": 0.10478903177808481, ""recall"": 0.3237113402061856, ""f1-score"": 0.15832610720364837, ""support"": 485.0}}",e:\Thesis Code\training_outputs\models\meatlens_mobilenetv2_cross_rotation_fold1_seed2026_cnn_only.h5,e:\Thesis Code\training_outputs\models\meatlens_mobilenetv2_cross_rotation_fold1_seed2026_cnn_only.tflite,e:\Thesis Code\training_outputs\models\meatlens_mobilenetv2_cross_rotation_fold1_seed2026_cnn_only_metadata.json,e:\Thesis Code\training_outputs\meatlens_mobilenetv2_cross_rotation_fold1_seed2026_cnn_only_history.csv,23.058029174804688,9.086101531982422,88.12732000049436,3.230344959159184
meatlens_mobilenetv3small_cross_rotation_fold1_seed42_cnn_only,cross_rotation,fold1,MobileNetV3Small,42,pork_shoulder_sample_1,shoulder,1161,205,485,"{""0"": 1.0779944289693593, ""1"": 1.0025906735751295, ""2"": 0.9302884615384616}",0.7298969072164948,0.7765287411305111,0.7243105320818968,0.7259630078818272,"{""spoiled"": 259, ""fresh"": 113, ""not fresh"": 113}","[[108, 21, 28], [3, 85, 70], [2, 7, 161]]","[[0.6878980891719745, 0.1337579617834395, 0.17834394904458598], [0.0189873417721519, 0.5379746835443038, 0.4430379746835443], [0.011764705882352941, 0.041176470588235294, 0.9470588235294117]]","{""fresh"": {""precision"": 0.9557522123893806, ""recall"": 0.6878980891719745, ""f1-score"": 0.8, ""support"": 157.0}, ""not fresh"": {""precision"": 0.7522123893805309, ""recall"": 0.5379746835443038, ""f1-score"": 0.6273062730627307, ""support"": 158.0}, ""spoiled"": {""precision"": 0.6216216216216216, ""recall"": 0.9470588235294117, ""f1-score"": 0.7505827505827506, ""support"": 170.0}, ""accuracy"": 0.7298969072164948, ""macro avg"": {""precision"": 0.7765287411305111, ""recall"": 0.7243105320818968, ""f1-score"": 0.7259630078818272, ""support"": 485.0}, ""weighted avg"": {""precision"": 0.7723264547276955, ""recall"": 0.7298969072164948, ""f1-score"": 0.7264195025628434, ""support"": 485.0}}",e:\Thesis Code\training_outputs\models\meatlens_mobilenetv3small_cross_rotation_fold1_seed42_cnn_only.h5,e:\Thesis Code\training_outputs\models\meatlens_mobilenetv3small_cross_rotation_fold1_seed42_cnn_only.tflite,e:\Thesis Code\training_outputs\models\meatlens_mobilenetv3small_cross_rotation_fold1_seed42_cnn_only_metadata.json,e:\Thesis Code\training_outputs\meatlens_mobilenetv3small_cross_rotation_fold1_seed42_cnn_only_history.csv,9.8572998046875,3.860420227050781,72.38886200007983,6.175691690408099
meatlens_mobilenetv3small_cross_rotation_fold1_seed123_cnn_only,cross_rotation,fold1,MobileNetV3Small,123,pork_shoulder_sample_1,shoulder,1161,205,485,"{""0"": 1.0779944289693593, ""1"": 1.0025906735751295, ""2"": 0.9302884615384616}",0.6577319587628866,0.7209106673093504,0.6488640477556822,0.6370242326675293,"{""spoiled"": 249, ""not fresh"": 169, ""fresh"": 67}","[[66, 83, 8], [0, 85, 73], [1, 1, 168]]","[[0.42038216560509556, 0.5286624203821656, 0.050955414012738856], [0.0, 0.5379746835443038, 0.4620253164556962], [0.0058823529411764705, 0.0058823529411764705, 0.9882352941176471]]","{""fresh"": {""precision"": 0.9850746268656716, ""recall"": 0.42038216560509556, ""f1-score"": 0.5892857142857143, ""support"": 157.0}, ""not fresh"": {""precision"": 0.5029585798816568, ""recall"": 0.5379746835443038, ""f1-score"": 0.5198776758409785, ""support"": 158.0}, ""spoiled"": {""precision"": 0.6746987951807228, ""recall"": 0.9882352941176471, ""f1-score"": 0.801909307875895, ""support"": 170.0}, ""accuracy"": 0.6577319587628866, ""macro avg"": {""precision"": 0.7209106673093504, ""recall"": 0.6488640477556822, ""f1-score"": 0.6370242326675293, ""support"": 485.0}, ""weighted avg"": {""precision"": 0.7192226128246084, ""recall"": 0.6577319587628866, ""f1-score"": 0.6412022933291421, ""support"": 485.0}}",e:\Thesis Code\training_outputs\models\meatlens_mobilenetv3small_cross_rotation_fold1_seed123_cnn_only.h5,e:\Thesis Code\training_outputs\models\meatlens_mobilenetv3small_cross_rotation_fold1_seed123_cnn_only.tflite,e:\Thesis Code\training_outputs\models\meatlens_mobilenetv3small_cross_rotation_fold1_seed123_cnn_only_metadata.json,e:\Thesis Code\training_outputs\meatlens_mobilenetv3small_cross_rotation_fold1_seed123_cnn_only_history.csv,9.8572998046875,3.860420227050781,66.98520400066627,2.1146065217900047
meatlens_mobilenetv3small_cross_rotation_fold1_seed2026_cnn_only,cross_rotation,fold1,MobileNetV3Small,2026,pork_shoulder_sample_1,shoulder,1161,205,485,"{""0"": 1.0779944289693593, ""1"": 1.0025906735751295, ""2"": 0.9302884615384616}",0.5463917525773195,0.6174307174307175,0.534764201576785,0.5035470309018696,"{""spoiled"": 330, ""not fresh"": 90, ""fresh"": 65}","[[64, 58, 35], [0, 32, 126], [1, 0, 169]]","[[0.40764331210191085, 0.36942675159235666, 0.2229299363057325], [0.0, 0.20253164556962025, 0.7974683544303798], [0.0058823529411764705, 0.0, 0.9941176470588236]]","{""fresh"": {""precision"": 0.9846153846153847, ""recall"": 0.40764331210191085, ""f1-score"": 0.5765765765765766, ""support"": 157.0}, ""not fresh"": {""precision"": 0.35555555555555557, ""recall"": 0.20253164556962025, ""f1-score"": 0.25806451612903225, ""support"": 158.0}, ""spoiled"": {""precision"": 0.5121212121212121, ""recall"": 0.9941176470588236, ""f1-score"": 0.676, ""support"": 170.0}, ""accuracy"": 0.5463917525773195, ""macro avg"": {""precision"": 0.6174307174307175, ""recall"": 0.534764201576785, ""f1-score"": 0.5035470309018696, ""support"": 485.0}, ""weighted avg"": {""precision"": 0.61406803963505, ""recall"": 0.5463917525773195, ""f1-score"": 0.5076633321049683, ""support"": 485.0}}",e:\Thesis Code\training_outputs\models\meatlens_mobilenetv3small_cross_rotation_fold1_seed2026_cnn_only.h5,e:\Thesis Code\training_outputs\models\meatlens_mobilenetv3small_cross_rotation_fold1_seed2026_cnn_only.tflite,e:\Thesis Code\training_outputs\models\meatlens_mobilenetv3small_cross_rotation_fold1_seed2026_cnn_only_metadata.json,e:\Thesis Code\training_outputs\meatlens_mobilenetv3small_cross_rotation_fold1_seed2026_cnn_only_history.csv,9.8572998046875,3.860420227050781,74.87985199899413,3.451646386526443
meatlens_resnet50_cross_rotation_fold1_seed42_cnn_only,cross_rotation,fold1,ResNet50,42,pork_shoulder_sample_1,shoulder,1161,205,485,"{""0"": 1.0779944289693593, ""1"": 1.0025906735751295, ""2"": 0.9302884615384616}",0.3422680412371134,0.1927427117711771,0.3491944548520045,0.2291142319925971,"{""fresh"": 384, ""spoiled"": 101}","[[146, 0, 11], [88, 0, 70], [150, 0, 20]]","[[0.9299363057324841, 0.0, 0.07006369426751592], [0.5569620253164557, 0.0, 0.4430379746835443], [0.8823529411764706, 0.0, 0.11764705882352941]]","{""fresh"": {""precision"": 0.3802083333333333, ""recall"": 0.9299363057324841, ""f1-score"": 0.5397412199630314, ""support"": 157.0}, ""not fresh"": {""precision"": 0.0, ""recall"": 0.0, ""f1-score"": 0.0, ""support"": 158.0}, ""spoiled"": {""precision"": 0.19801980198019803, ""recall"": 0.11764705882352941, ""f1-score"": 0.14760147601476015, ""support"": 170.0}, ""accuracy"": 0.3422680412371134, ""macro avg"": {""precision"": 0.1927427117711771, ""recall"": 0.3491944548520045, ""f1-score"": 0.22911423199259717, ""support"": 485.0}, ""weighted avg"": {""precision"": 0.19248675189683917, ""recall"": 0.3422680412371134, ""f1-score"": 0.22645695351897968, ""support"": 485.0}}",e:\Thesis Code\training_outputs\models\meatlens_resnet50_cross_rotation_fold1_seed42_cnn_only.h5,e:\Thesis Code\training_outputs\models\meatlens_resnet50_cross_rotation_fold1_seed42_cnn_only.tflite,e:\Thesis Code\training_outputs\models\meatlens_resnet50_cross_rotation_fold1_seed42_cnn_only_metadata.json,e:\Thesis Code\training_outputs\meatlens_resnet50_cross_rotation_fold1_seed42_cnn_only_history.csv,185.424545288086,90.62005233764648,117.0121939999808,12.546565651105755
meatlens_resnet50_cross_rotation_fold1_seed123_cnn_only,cross_rotation,fold1,ResNet50,123,pork_shoulder_sample_1,shoulder,1161,205,485,"{""0"": 1.0779944289693593, ""1"": 1.0025906735751295, ""2"": 0.9302884615384616}",0.4556701030927835,0.3118097813838179,0.4552516548020482,0.3610511159107272,"{""fresh"": 306, ""spoiled"": 174, ""not fresh"": 5}","[[135, 4, 18], [88, 0, 70], [83, 1, 86]]","[[0.8598726114649682, 0.025477707006369428, 0.11464968152866242], [0.5569620253164557, 0.0, 0.4430379746835443], [0.48823529411764705, 0.0058823529411764705, 0.5058823529411764]]","{""fresh"": {""precision"": 0.4411764705882353, ""recall"": 0.8598726114649682, ""f1-score"": 0.5831533477321814, ""support"": 157.0}, ""not fresh"": {""precision"": 0.0, ""recall"": 0.0, ""f1-score"": 0.0, ""support"": 158.0}, ""spoiled"": {""precision"": 0.4942528735632184, ""recall"": 0.5058823529411764, ""f1-score"": 0.5, ""support"": 170.0}, ""accuracy"": 0.4556701030927835, ""macro avg"": {""precision"": 0.3118097813838179, ""recall"": 0.4552516548020482, ""f1-score"": 0.3610511159107272, ""support"": 485.0}, ""weighted avg"": {""precision"": 0.31605710183113417, ""recall"": 0.4556701030927835, ""f1-score"": 0.3640310836988711, ""support"": 485.0}}",e:\Thesis Code\training_outputs\models\meatlens_resnet50_cross_rotation_fold1_seed123_cnn_only.h5,e:\Thesis Code\training_outputs\models\meatlens_resnet50_cross_rotation_fold1_seed123_cnn_only.tflite,e:\Thesis Code\training_outputs\models\meatlens_resnet50_cross_rotation_fold1_seed123_cnn_only_metadata.json,e:\Thesis Code\training_outputs\meatlens_resnet50_cross_rotation_fold1_seed123_cnn_only_history.csv,185.424545288086,90.62005233764648,118.66721999962463,3.069362033727046
meatlens_resnet50_cross_rotation_fold1_seed2026_cnn_only,cross_rotation,fold1,ResNet50,2026,pork_shoulder_sample_1,shoulder,1161,205,485,"{""0"": 1.0779944289693593, ""1"": 1.0025906735751295, ""2"": 0.9302884615384616}",0.445360824742268,0.3013772060036285,0.4478831022855001,0.3410798980816502,"{""fresh"": 344, ""spoiled"": 141}","[[150, 0, 7], [90, 0, 68], [104, 0, 66]]","[[0.9554140127388535, 0.0, 0.044585987261146494], [0.569620253164557, 0.0, 0.43037974683544306], [0.611764705882353, 0.0, 0.38823529411764707]]","{""fresh"": {""precision"": 0.436046511627907, ""recall"": 0.9554140127388535, ""f1-score"": 0.5988023952095808, ""support"": 157.0}, ""not fresh"": {""precision"": 0.0, ""recall"": 0.0, ""f1-score"": 0.0, ""support"": 158.0}, ""spoiled"": {""precision"": 0.46808510638297873, ""recall"": 0.38823529411764707, ""f1-score"": 0.42443729903536975, ""support"": 170.0}, ""accuracy"": 0.44536082474226807, ""macro avg"": {""precision"": 0.30137720600362855, ""recall"": 0.44788310228550016, ""f1-score"": 0.34107989808165023, ""support"": 485.0}, ""weighted avg"": {""precision"": 0.30522426888801607, ""recall"": 0.44536082474226807, ""f1-score"": 0.3426109626472516, ""support"": 485.0}}",e:\Thesis Code\training_outputs\models\meatlens_resnet50_cross_rotation_fold1_seed2026_cnn_only.h5,e:\Thesis Code\training_outputs\models\meatlens_resnet50_cross_rotation_fold1_seed2026_cnn_only.tflite,e:\Thesis Code\training_outputs\models\meatlens_resnet50_cross_rotation_fold1_seed2026_cnn_only_metadata.json,e:\Thesis Code\training_outputs\meatlens_resnet50_cross_rotation_fold1_seed2026_cnn_only_history.csv,185.424545288086,90.62005233764648,113.8195120000455,19.47776529918292
meatlens_efficientnetb0_cross_rotation_fold2_seed42_cnn_only,cross_rotation,fold2,EfficientNetB0,42,pork_shoulder_sample_2,shoulder,1187,210,454,"{""0"": 1.0960295475530932, ""1"": 0.9966414777497901, ""2"": 0.9222999222999223}",0.9619,0.9622,0.9622,0.9622,{},"[[0, 0, 0], [0, 0, 0], [0, 0, 0]]","[[0.0, 0.0, 0.0], [0.0, 0.0, 0.0], [0.0, 0.0, 0.0]]","{""fresh"": {""precision"": 0.9622, ""recall"": 0.9622, ""f1-score"": 0.9622, ""support"": 0}, ""not fresh"": {""precision"": 0.9622, ""recall"": 0.9622, ""f1-score"": 0.9622, ""support"": 0}, ""spoiled"": {""precision"": 0.9622, ""recall"": 0.9622, ""f1-score"": 0.9622, ""support"": 0}, ""accuracy"": 0.9619, ""macro avg"": {""precision"": 0.9622, ""recall"": 0.9622, ""f1-score"": 0.9622, ""support"": 0}, ""weighted avg"": {""precision"": 0.9622, ""recall"": 0.9622, ""f1-score"": 0.9622, ""support"": 0}}",E:\Thesis Code\training_outputs\models\meatlens_efficientnetb0_cross_rotation_fold2_seed42_cnn_only.h5,E:\Thesis Code\training_outputs\models\meatlens_efficientnetb0_cross_rotation_fold2_seed42_cnn_only.tflite,E:\Thesis Code\training_outputs\models\meatlens_efficientnetb0_cross_rotation_fold2_seed42_cnn_only_metadata.json,training_outputs\meatlens_efficientnetb0_cross_rotation_fold2_seed42_cnn_only_history.csv,0.005859375,,,
meatlens_efficientnetb0_cross_rotation_fold2_seed123_cnn_only,cross_rotation,fold2,EfficientNetB0,123,pork_shoulder_sample_2,shoulder,1187,210,454,"{""0"": 1.0960295475530932, ""1"": 0.9966414777497901, ""2"": 0.9222999222999223}",0.9619,0.9622,0.9622,0.9622,{},"[[0, 0, 0], [0, 0, 0], [0, 0, 0]]","[[0.0, 0.0, 0.0], [0.0, 0.0, 0.0], [0.0, 0.0, 0.0]]","{""fresh"": {""precision"": 0.9622, ""recall"": 0.9622, ""f1-score"": 0.9622, ""support"": 0}, ""not fresh"": {""precision"": 0.9622, ""recall"": 0.9622, ""f1-score"": 0.9622, ""support"": 0}, ""spoiled"": {""precision"": 0.9622, ""recall"": 0.9622, ""f1-score"": 0.9622, ""support"": 0}, ""accuracy"": 0.9619, ""macro avg"": {""precision"": 0.9622, ""recall"": 0.9622, ""f1-score"": 0.9622, ""support"": 0}, ""weighted avg"": {""precision"": 0.9622, ""recall"": 0.9622, ""f1-score"": 0.9622, ""support"": 0}}",E:\Thesis Code\training_outputs\models\meatlens_efficientnetb0_cross_rotation_fold2_seed123_cnn_only.h5,E:\Thesis Code\training_outputs\models\meatlens_efficientnetb0_cross_rotation_fold2_seed123_cnn_only.tflite,E:\Thesis Code\training_outputs\models\meatlens_efficientnetb0_cross_rotation_fold2_seed123_cnn_only_metadata.json,training_outputs\meatlens_efficientnetb0_cross_rotation_fold2_seed123_cnn_only_history.csv,0.005859375,,,
meatlens_efficientnetb0_cross_rotation_fold2_seed2026_cnn_only,cross_rotation,fold2,EfficientNetB0,2026,pork_shoulder_sample_2,shoulder,1187,210,454,"{""0"": 1.0960295475530932, ""1"": 0.9966414777497901, ""2"": 0.9222999222999223}",0.9619,0.9622,0.9622,0.9622,{},"[[0, 0, 0], [0, 0, 0], [0, 0, 0]]","[[0.0, 0.0, 0.0], [0.0, 0.0, 0.0], [0.0, 0.0, 0.0]]","{""fresh"": {""precision"": 0.9622, ""recall"": 0.9622, ""f1-score"": 0.9622, ""support"": 0}, ""not fresh"": {""precision"": 0.9622, ""recall"": 0.9622, ""f1-score"": 0.9622, ""support"": 0}, ""spoiled"": {""precision"": 0.9622, ""recall"": 0.9622, ""f1-score"": 0.9622, ""support"": 0}, ""accuracy"": 0.9619, ""macro avg"": {""precision"": 0.9622, ""recall"": 0.9622, ""f1-score"": 0.9622, ""support"": 0}, ""weighted avg"": {""precision"": 0.9622, ""recall"": 0.9622, ""f1-score"": 0.9622, ""support"": 0}}",E:\Thesis Code\training_outputs\models\meatlens_efficientnetb0_cross_rotation_fold2_seed2026_cnn_only.h5,E:\Thesis Code\training_outputs\models\meatlens_efficientnetb0_cross_rotation_fold2_seed2026_cnn_only.tflite,E:\Thesis Code\training_outputs\models\meatlens_efficientnetb0_cross_rotation_fold2_seed2026_cnn_only_metadata.json,training_outputs\meatlens_efficientnetb0_cross_rotation_fold2_seed2026_cnn_only_history.csv,0.005859375,,,
meatlens_mobilenetv3small_cross_rotation_fold2_seed42_cnn_only,cross_rotation,fold2,MobileNetV3Small,42,pork_shoulder_sample_2,shoulder,1187,210,454,"{""0"": 1.0960295475530932, ""1"": 0.9966414777497901, ""2"": 0.9222999222999223}",0.4713656387665198,0.3287981859410431,0.4614160033514872,0.3822734858333563,"{""fresh"": 258, ""spoiled"": 196}","[[86, 0, 68], [145, 0, 0], [27, 0, 128]]","[[0.5584415584415584, 0.0, 0.44155844155844154], [1.0, 0.0, 0.0], [0.17419354838709677, 0.0, 0.8258064516129032]]","{""fresh"": {""precision"": 0.3333333333333333, ""recall"": 0.5584415584415584, ""f1-score"": 0.4174757281553398, ""support"": 154.0}, ""not fresh"": {""precision"": 0.0, ""recall"": 0.0, ""f1-score"": 0.0, ""support"": 145.0}, ""spoiled"": {""precision"": 0.6530612244897959, ""recall"": 0.8258064516129032, ""f1-score"": 0.7293447293447294, ""support"": 155.0}, ""accuracy"": 0.4713656387665198, ""macro avg"": {""precision"": 0.3287981859410431, ""recall"": 0.4614160033514872, ""f1-score"": 0.38227348583335635, ""support"": 454.0}, ""weighted avg"": {""precision"": 0.3360304474212592, ""recall"": 0.4713656387665198, ""f1-score"": 0.39061606868800747, ""support"": 454.0}}",e:\Thesis Code\training_outputs\models\meatlens_mobilenetv3small_cross_rotation_fold2_seed42_cnn_only.h5,e:\Thesis Code\training_outputs\models\meatlens_mobilenetv3small_cross_rotation_fold2_seed42_cnn_only.tflite,e:\Thesis Code\training_outputs\models\meatlens_mobilenetv3small_cross_rotation_fold2_seed42_cnn_only_metadata.json,e:\Thesis Code\training_outputs\meatlens_mobilenetv3small_cross_rotation_fold2_seed42_cnn_only_history.csv,9.8572998046875,3.860420227050781,74.44732399933855,2.473812981157761
meatlens_mobilenetv3small_cross_rotation_fold2_seed123_cnn_only,cross_rotation,fold2,MobileNetV3Small,123,pork_shoulder_sample_2,shoulder,1187,210,454,"{""0"": 1.0960295475530932, ""1"": 0.9966414777497901, ""2"": 0.9222999222999223}",0.5022026431718062,0.3569812540400776,0.4917190336545174,0.4097091616630213,"{""fresh"": 272, ""spoiled"": 182}","[[100, 0, 54], [145, 0, 0], [27, 0, 128]]","[[0.6493506493506493, 0.0, 0.35064935064935066], [1.0, 0.0, 0.0], [0.17419354838709677, 0.0, 0.8258064516129032]]","{""fresh"": {""precision"": 0.36764705882352944, ""recall"": 0.6493506493506493, ""f1-score"": 0.4694835680751174, ""support"": 154.0}, ""not fresh"": {""precision"": 0.0, ""recall"": 0.0, ""f1-score"": 0.0, ""support"": 145.0}, ""spoiled"": {""precision"": 0.7032967032967034, ""recall"": 0.8258064516129032, ""f1-score"": 0.7596439169139466, ""support"": 155.0}, ""accuracy"": 0.5022026431718062, ""macro avg"": {""precision"": 0.35698125404007763, ""recall"": 0.49171903365451747, ""f1-score"": 0.40970916166302135, ""support"": 454.0}, ""weighted avg"": {""precision"": 0.3648207842947413, ""recall"": 0.5022026431718062, ""f1-score"": 0.41860193084852376, ""support"": 454.0}}",e:\Thesis Code\training_outputs\models\meatlens_mobilenetv3small_cross_rotation_fold2_seed123_cnn_only.h5,e:\Thesis Code\training_outputs\models\meatlens_mobilenetv3small_cross_rotation_fold2_seed123_cnn_only.tflite,e:\Thesis Code\training_outputs\models\meatlens_mobilenetv3small_cross_rotation_fold2_seed123_cnn_only_metadata.json,e:\Thesis Code\training_outputs\meatlens_mobilenetv3small_cross_rotation_fold2_seed123_cnn_only_history.csv,9.8572998046875,3.860420227050781,74.80408000061288,3.129398666518587
meatlens_mobilenetv3small_cross_rotation_fold2_seed2026_cnn_only,cross_rotation,fold2,MobileNetV3Small,2026,pork_shoulder_sample_2,shoulder,1187,210,454,"{""0"": 1.0960295475530932, ""1"": 0.9966414777497901, ""2"": 0.9222999222999223}",0.5242290748898678,0.3843649585658719,0.513433877950007,0.4305734346192113,"{""fresh"": 292, ""spoiled"": 162}","[[115, 0, 39], [145, 0, 0], [32, 0, 123]]","[[0.7467532467532467, 0.0, 0.2532467532467532], [1.0, 0.0, 0.0], [0.2064516129032258, 0.0, 0.7935483870967742]]","{""fresh"": {""precision"": 0.3938356164383562, ""recall"": 0.7467532467532467, ""f1-score"": 0.515695067264574, ""support"": 154.0}, ""not fresh"": {""precision"": 0.0, ""recall"": 0.0, ""f1-score"": 0.0, ""support"": 145.0}, ""spoiled"": {""precision"": 0.7592592592592593, ""recall"": 0.7935483870967742, ""f1-score"": 0.7760252365930599, ""support"": 155.0}, ""accuracy"": 0.5242290748898678, ""macro avg"": {""precision"": 0.3843649585658719, ""recall"": 0.513433877950007, ""f1-score"": 0.4305734346192113, ""support"": 454.0}, ""weighted avg"": {""precision"": 0.39281028660064327, ""recall"": 0.5242290748898678, ""f1-score"": 0.4398699383935434, ""support"": 454.0}}",e:\Thesis Code\training_outputs\models\meatlens_mobilenetv3small_cross_rotation_fold2_seed2026_cnn_only.h5,e:\Thesis Code\training_outputs\models\meatlens_mobilenetv3small_cross_rotation_fold2_seed2026_cnn_only.tflite,e:\Thesis Code\training_outputs\models\meatlens_mobilenetv3small_cross_rotation_fold2_seed2026_cnn_only_metadata.json,e:\Thesis Code\training_outputs\meatlens_mobilenetv3small_cross_rotation_fold2_seed2026_cnn_only_history.csv,9.8572998046875,3.860420227050781,75.41984200041043,3.0340381385777606
meatlens_resnet50_cross_rotation_fold2_seed42_cnn_only,cross_rotation,fold2,ResNet50,42,pork_shoulder_sample_2,shoulder,1187,210,454,"{""0"": 1.0960295475530932, ""1"": 0.9966414777497901, ""2"": 0.9222999222999223}",0.460352422907489,0.3046685340802987,0.4503560955173858,0.3631872792178136,"{""spoiled"": 238, ""fresh"": 210, ""not fresh"": 6}","[[64, 0, 90], [142, 0, 3], [4, 6, 145]]","[[0.4155844155844156, 0.0, 0.5844155844155844], [0.9793103448275862, 0.0, 0.020689655172413793], [0.025806451612903226, 0.03870967741935484, 0.9354838709677419]]","{""fresh"": {""precision"": 0.3047619047619048, ""recall"": 0.4155844155844156, ""f1-score"": 0.3516483516483517, ""support"": 154.0}, ""not fresh"": {""precision"": 0.0, ""recall"": 0.0, ""f1-score"": 0.0, ""support"": 145.0}, ""spoiled"": {""precision"": 0.6092436974789915, ""recall"": 0.9354838709677419, ""f1-score"": 0.7379134860050891, ""support"": 155.0}, ""accuracy"": 0.460352422907489, ""macro avg"": {""precision"": 0.30466853408029876, ""recall"": 0.4503560955173858, ""f1-score"": 0.36318727921781363, ""support"": 454.0}, ""weighted avg"": {""precision"": 0.3113790890805661, ""recall"": 0.460352422907489, ""f1-score"": 0.37121241516439424, ""support"": 454.0}}",e:\Thesis Code\training_outputs\models\meatlens_resnet50_cross_rotation_fold2_seed42_cnn_only.h5,e:\Thesis Code\training_outputs\models\meatlens_resnet50_cross_rotation_fold2_seed42_cnn_only.tflite,e:\Thesis Code\training_outputs\models\meatlens_resnet50_cross_rotation_fold2_seed42_cnn_only_metadata.json,e:\Thesis Code\training_outputs\meatlens_resnet50_cross_rotation_fold2_seed42_cnn_only_history.csv,185.424545288086,90.62005233764648,74.95189399967785,12.547143413686348
meatlens_resnet50_cross_rotation_fold2_seed123_cnn_only,cross_rotation,fold2,ResNet50,123,pork_shoulder_sample_2,shoulder,1187,210,454,"{""0"": 1.0960295475530932, ""1"": 0.9966414777497901, ""2"": 0.9222999222999223}",0.3414096916299559,0.148895292987512,0.3333333333333333,0.2058432934926959,"{""spoiled"": 347, ""fresh"": 107}","[[0, 0, 154], [107, 0, 38], [0, 0, 155]]","[[0.0, 0.0, 1.0], [0.7379310344827587, 0.0, 0.2620689655172414], [0.0, 0.0, 1.0]]","{""fresh"": {""precision"": 0.0, ""recall"": 0.0, ""f1-score"": 0.0, ""support"": 154.0}, ""not fresh"": {""precision"": 0.0, ""recall"": 0.0, ""f1-score"": 0.0, ""support"": 145.0}, ""spoiled"": {""precision"": 0.44668587896253603, ""recall"": 1.0, ""f1-score"": 0.6175298804780877, ""support"": 155.0}, ""accuracy"": 0.34140969162995594, ""macro avg"": {""precision"": 0.148895292987512, ""recall"": 0.3333333333333333, ""f1-score"": 0.2058432934926959, ""support"": 454.0}, ""weighted avg"": {""precision"": 0.15250288819205526, ""recall"": 0.34140969162995594, ""f1-score"": 0.21083068606630745, ""support"": 454.0}}",e:\Thesis Code\training_outputs\models\meatlens_resnet50_cross_rotation_fold2_seed123_cnn_only.h5,e:\Thesis Code\training_outputs\models\meatlens_resnet50_cross_rotation_fold2_seed123_cnn_only.tflite,e:\Thesis Code\training_outputs\models\meatlens_resnet50_cross_rotation_fold2_seed123_cnn_only_metadata.json,e:\Thesis Code\training_outputs\meatlens_resnet50_cross_rotation_fold2_seed123_cnn_only_history.csv,185.424545288086,90.62005233764648,106.1615580000216,24.55958697982396
meatlens_resnet50_cross_rotation_fold2_seed2026_cnn_only,cross_rotation,fold2,ResNet50,2026,pork_shoulder_sample_2,shoulder,1187,210,454,"{""0"": 1.0960295475530932, ""1"": 0.9966414777497901, ""2"": 0.9222999222999223}",0.4493392070484581,0.2924918135038203,0.4395335846948749,0.3509609870017847,"{""spoiled"": 242, ""fresh"": 212}","[[59, 0, 95], [143, 0, 2], [10, 0, 145]]","[[0.38311688311688313, 0.0, 0.6168831168831169], [0.9862068965517241, 0.0, 0.013793103448275862], [0.06451612903225806, 0.0, 0.9354838709677419]]","{""fresh"": {""precision"": 0.2783018867924528, ""recall"": 0.38311688311688313, ""f1-score"": 0.3224043715846995, ""support"": 154.0}, ""not fresh"": {""precision"": 0.0, ""recall"": 0.0, ""f1-score"": 0.0, ""support"": 145.0}, ""spoiled"": {""precision"": 0.5991735537190083, ""recall"": 0.9354838709677419, ""f1-score"": 0.7304785894206549, ""support"": 155.0}, ""accuracy"": 0.44933920704845814, ""macro avg"": {""precision"": 0.29249181350382036, ""recall"": 0.43953358469487497, ""f1-score"": 0.35096098700178474, ""support"": 454.0}, ""weighted avg"": {""precision"": 0.2989656198072335, ""recall"": 0.44933920704845814, ""f1-score"": 0.3587543052516415, ""support"": 454.0}}",e:\Thesis Code\training_outputs\models\meatlens_resnet50_cross_rotation_fold2_seed2026_cnn_only.h5,e:\Thesis Code\training_outputs\models\meatlens_resnet50_cross_rotation_fold2_seed2026_cnn_only.tflite,e:\Thesis Code\training_outputs\models\meatlens_resnet50_cross_rotation_fold2_seed2026_cnn_only_metadata.json,e:\Thesis Code\training_outputs\meatlens_resnet50_cross_rotation_fold2_seed2026_cnn_only_history.csv,185.424545288086,90.62005233764648,89.34936999896308,28.50557830332848
meatlens_mobilenetv3small_cross_rotation_fold3_seed42_cnn_only,cross_rotation,fold3,MobileNetV3Small,42,pork_belly_sample_3,belly,1199,212,440,"{""0"": 1.0195578231292517, ""1"": 1.0380952380952382, ""2"": 0.9470774091627172}",0.5386363636363637,0.5415612361034896,0.5380023451657606,0.4784611109343908,"{""spoiled"": 336, ""fresh"": 71, ""not fresh"": 33}","[[68, 27, 23], [3, 6, 150], [0, 0, 163]]","[[0.576271186440678, 0.2288135593220339, 0.19491525423728814], [0.018867924528301886, 0.03773584905660377, 0.9433962264150944], [0.0, 0.0, 1.0]]","{""fresh"": {""precision"": 0.9577464788732394, ""recall"": 0.576271186440678, ""f1-score"": 0.7195767195767195, ""support"": 118.0}, ""not fresh"": {""precision"": 0.18181818181818182, ""recall"": 0.03773584905660377, ""f1-score"": 0.0625, ""support"": 159.0}, ""spoiled"": {""precision"": 0.4851190476190476, ""recall"": 1.0, ""f1-score"": 0.6533066132264529, ""support"": 163.0}, ""accuracy"": 0.5386363636363637, ""macro avg"": {""precision"": 0.5415612361034896, ""recall"": 0.5380023451657606, ""f1-score"": 0.4784611109343908, ""support"": 440.0}, ""weighted avg"": {""precision"": 0.5022672276773589, ""recall"": 0.5386363636363637, ""f1-score"": 0.4575830246953744, ""support"": 440.0}}",e:\Thesis Code\training_outputs\models\meatlens_mobilenetv3small_cross_rotation_fold3_seed42_cnn_only.h5,e:\Thesis Code\training_outputs\models\meatlens_mobilenetv3small_cross_rotation_fold3_seed42_cnn_only.tflite,e:\Thesis Code\training_outputs\models\meatlens_mobilenetv3small_cross_rotation_fold3_seed42_cnn_only_metadata.json,e:\Thesis Code\training_outputs\meatlens_mobilenetv3small_cross_rotation_fold3_seed42_cnn_only_history.csv,9.8572998046875,3.860420227050781,74.37606999985292,4.489778994338871
meatlens_mobilenetv3small_cross_rotation_fold3_seed123_cnn_only,cross_rotation,fold3,MobileNetV3Small,123,pork_belly_sample_3,belly,1199,212,440,"{""0"": 1.0195578231292517, ""1"": 1.0380952380952382, ""2"": 0.9470774091627172}",0.55,0.579889097664377,0.5484845254592616,0.4970569582734512,"{""spoiled"": 331, ""fresh"": 71, ""not fresh"": 38}","[[68, 27, 23], [3, 11, 145], [0, 0, 163]]","[[0.576271186440678, 0.2288135593220339, 0.19491525423728814], [0.018867924528301886, 0.06918238993710692, 0.9119496855345912], [0.0, 0.0, 1.0]]","{""fresh"": {""precision"": 0.9577464788732394, ""recall"": 0.576271186440678, ""f1-score"": 0.7195767195767195, ""support"": 118.0}, ""not fresh"": {""precision"": 0.2894736842105263, ""recall"": 0.06918238993710692, ""f1-score"": 0.1116751269035533, ""support"": 159.0}, ""spoiled"": {""precision"": 0.49244712990936557, ""recall"": 1.0, ""f1-score"": 0.659919028340081, ""support"": 163.0}, ""accuracy"": 0.55, ""macro avg"": {""precision"": 0.579889097664377, ""recall"": 0.5484845254592616, ""f1-score"": 0.49705695827345125, ""support"": 440.0}, ""weighted avg"": {""precision"": 0.5438847328903239, ""recall"": 0.55, ""f1-score"": 0.47780272660716155, ""support"": 440.0}}",e:\Thesis Code\training_outputs\models\meatlens_mobilenetv3small_cross_rotation_fold3_seed123_cnn_only.h5,e:\Thesis Code\training_outputs\models\meatlens_mobilenetv3small_cross_rotation_fold3_seed123_cnn_only.tflite,e:\Thesis Code\training_outputs\models\meatlens_mobilenetv3small_cross_rotation_fold3_seed123_cnn_only_metadata.json,e:\Thesis Code\training_outputs\meatlens_mobilenetv3small_cross_rotation_fold3_seed123_cnn_only_history.csv,9.8572998046875,3.860420227050781,77.12909799993213,3.496165487804744
meatlens_mobilenetv3small_cross_rotation_fold3_seed2026_cnn_only,cross_rotation,fold3,MobileNetV3Small,2026,pork_belly_sample_3,belly,1199,212,440,"{""0"": 1.0195578231292517, ""1"": 1.0380952380952382, ""2"": 0.9470774091627172}",0.5681818181818182,0.4292969510360815,0.5845551280718172,0.4810996563573884,"{""spoiled"": 322, ""fresh"": 117, ""not fresh"": 1}","[[94, 1, 23], [16, 0, 143], [7, 0, 156]]","[[0.7966101694915254, 0.00847457627118644, 0.19491525423728814], [0.10062893081761007, 0.0, 0.89937106918239], [0.04294478527607362, 0.0, 0.9570552147239264]]","{""fresh"": {""precision"": 0.8034188034188035, ""recall"": 0.7966101694915254, ""f1-score"": 0.8, ""support"": 118.0}, ""not fresh"": {""precision"": 0.0, ""recall"": 0.0, ""f1-score"": 0.0, ""support"": 159.0}, ""spoiled"": {""precision"": 0.484472049689441, ""recall"": 0.9570552147239264, ""f1-score"": 0.643298969072165, ""support"": 163.0}, ""accuracy"": 0.5681818181818182, ""macro avg"": {""precision"": 0.4292969510360815, ""recall"": 0.5845551280718172, ""f1-score"": 0.4810996563573884, ""support"": 440.0}, ""weighted avg"": {""precision"": 0.3949371884154493, ""recall"": 0.5681818181818182, ""f1-score"": 0.4528584817244612, ""support"": 440.0}}",e:\Thesis Code\training_outputs\models\meatlens_mobilenetv3small_cross_rotation_fold3_seed2026_cnn_only.h5,e:\Thesis Code\training_outputs\models\meatlens_mobilenetv3small_cross_rotation_fold3_seed2026_cnn_only.tflite,e:\Thesis Code\training_outputs\models\meatlens_mobilenetv3small_cross_rotation_fold3_seed2026_cnn_only_metadata.json,e:\Thesis Code\training_outputs\meatlens_mobilenetv3small_cross_rotation_fold3_seed2026_cnn_only_history.csv,9.8572998046875,3.860420227050781,72.95066799990309,6.670184404069582
meatlens_mobilenetv3small_cross_rotation_fold4_seed42_cnn_only,cross_rotation,fold4,MobileNetV3Small,42,pork_belly_sample_4,belly,1172,207,472,"{""0"": 1.0732600732600732, ""1"": 0.9940627650551315, ""2"": 0.9413654618473896}",0.5169491525423728,0.4085870242151152,0.5101033591731267,0.4247146771543296,"{""not fresh"": 337, ""spoiled"": 135}","[[0, 147, 3], [0, 131, 19], [0, 59, 113]]","[[0.0, 0.98, 0.02], [0.0, 0.8733333333333333, 0.12666666666666668], [0.0, 0.3430232558139535, 0.6569767441860465]]","{""fresh"": {""precision"": 0.0, ""recall"": 0.0, ""f1-score"": 0.0, ""support"": 150.0}, ""not fresh"": {""precision"": 0.3887240356083086, ""recall"": 0.8733333333333333, ""f1-score"": 0.5379876796714579, ""support"": 150.0}, ""spoiled"": {""precision"": 0.837037037037037, ""recall"": 0.6569767441860465, ""f1-score"": 0.7361563517915309, ""support"": 172.0}, ""accuracy"": 0.5169491525423728, ""macro avg"": {""precision"": 0.4085870242151152, ""recall"": 0.5101033591731267, ""f1-score"": 0.4247146771543296, ""support"": 472.0}, ""weighted avg"": {""precision"": 0.42855715193139127, ""recall"": 0.5169491525423728, ""f1-score"": 0.43923102639589406, ""support"": 472.0}}",e:\Thesis Code\training_outputs\models\meatlens_mobilenetv3small_cross_rotation_fold4_seed42_cnn_only.h5,e:\Thesis Code\training_outputs\models\meatlens_mobilenetv3small_cross_rotation_fold4_seed42_cnn_only.tflite,e:\Thesis Code\training_outputs\models\meatlens_mobilenetv3small_cross_rotation_fold4_seed42_cnn_only_metadata.json,e:\Thesis Code\training_outputs\meatlens_mobilenetv3small_cross_rotation_fold4_seed42_cnn_only_history.csv,9.8572998046875,3.860420227050781,70.02434200017888,2.9000149041161505
meatlens_mobilenetv3small_cross_rotation_fold4_seed123_cnn_only,cross_rotation,fold4,MobileNetV3Small,123,pork_belly_sample_4,belly,1172,207,472,"{""0"": 1.0732600732600732, ""1"": 0.9940627650551315, ""2"": 0.9413654618473896}",0.5296610169491526,0.4293785310734463,0.5262790697674419,0.4312260536398467,"{""not fresh"": 354, ""spoiled"": 118}","[[0, 138, 12], [0, 147, 3], [0, 69, 103]]","[[0.0, 0.92, 0.08], [0.0, 0.98, 0.02], [0.0, 0.4011627906976744, 0.5988372093023255]]","{""fresh"": {""precision"": 0.0, ""recall"": 0.0, ""f1-score"": 0.0, ""support"": 150.0}, ""not fresh"": {""precision"": 0.4152542372881356, ""recall"": 0.98, ""f1-score"": 0.5833333333333334, ""support"": 150.0}, ""spoiled"": {""precision"": 0.8728813559322034, ""recall"": 0.5988372093023255, ""f1-score"": 0.7103448275862069, ""support"": 172.0}, ""accuracy"": 0.5296610169491526, ""macro avg"": {""precision"": 0.42937853107344637, ""recall"": 0.5262790697674419, ""f1-score"": 0.43122605363984673, ""support"": 472.0}, ""weighted avg"": {""precision"": 0.4500502729100833, ""recall"": 0.5296610169491526, ""f1-score"": 0.44423582700175335, ""support"": 472.0}}",e:\Thesis Code\training_outputs\models\meatlens_mobilenetv3small_cross_rotation_fold4_seed123_cnn_only.h5,e:\Thesis Code\training_outputs\models\meatlens_mobilenetv3small_cross_rotation_fold4_seed123_cnn_only.tflite,e:\Thesis Code\training_outputs\models\meatlens_mobilenetv3small_cross_rotation_fold4_seed123_cnn_only_metadata.json,e:\Thesis Code\training_outputs\meatlens_mobilenetv3small_cross_rotation_fold4_seed123_cnn_only_history.csv,9.8572998046875,3.860420227050781,73.29048000006878,4.423582850368185
meatlens_mobilenetv3small_cross_rotation_fold4_seed2026_cnn_only,cross_rotation,fold4,MobileNetV3Small,2026,pork_belly_sample_4,belly,1172,207,472,"{""0"": 1.0732600732600732, ""1"": 0.9940627650551315, ""2"": 0.9413654618473896}",0.5466101694915254,0.4420454545454546,0.5426356589147286,0.4457785297167494,"{""not fresh"": 352, ""spoiled"": 120}","[[0, 138, 12], [0, 150, 0], [0, 64, 108]]","[[0.0, 0.92, 0.08], [0.0, 1.0, 0.0], [0.0, 0.37209302325581395, 0.627906976744186]]","{""fresh"": {""precision"": 0.0, ""recall"": 0.0, ""f1-score"": 0.0, ""support"": 150.0}, ""not fresh"": {""precision"": 0.42613636363636365, ""recall"": 1.0, ""f1-score"": 0.5976095617529881, ""support"": 150.0}, ""spoiled"": {""precision"": 0.9, ""recall"": 0.627906976744186, ""f1-score"": 0.7397260273972602, ""support"": 172.0}, ""accuracy"": 0.5466101694915254, ""macro avg"": {""precision"": 0.4420454545454546, ""recall"": 0.5426356589147286, ""f1-score"": 0.4457785297167494, ""support"": 472.0}, ""weighted avg"": {""precision"": 0.46339079352850543, ""recall"": 0.5466101694915254, ""f1-score"": 0.4594794724052478, ""support"": 472.0}}",e:\Thesis Code\training_outputs\models\meatlens_mobilenetv3small_cross_rotation_fold4_seed2026_cnn_only.h5,e:\Thesis Code\training_outputs\models\meatlens_mobilenetv3small_cross_rotation_fold4_seed2026_cnn_only.tflite,e:\Thesis Code\training_outputs\models\meatlens_mobilenetv3small_cross_rotation_fold4_seed2026_cnn_only_metadata.json,e:\Thesis Code\training_outputs\meatlens_mobilenetv3small_cross_rotation_fold4_seed2026_cnn_only_history.csv,9.8572998046875,3.860420227050781,96.3508699999511,171.88257834771042
